Model,AUC,ExecutionTime,seed,fraction,drops,useclass,noise,n_jobs
RandomForest,0.886,5.998,1,1.0,0,True,0,1
RandomForest,0.883,3.682,1,1.0,0,True,0,2
RandomForest,0.89,2.666,1,1.0,0,True,0,4
RandomForest,0.882,4.119,1,1.0,0,True,0,8
RandomForest,0.884,4.85,1,1.0,0,True,0,16
RandomForest,0.872,4.82,1,1.0,0,True,0,32
RandomForest,0.874,4.358,1,1.0,0,True,0,64
RandomForest,0.873,3.633,1,0.5,0,True,0,1
RandomForest,0.86,2.9,1,0.5,0,True,0,2
RandomForest,0.871,2.711,1,0.5,0,True,0,4
RandomForest,0.881,3.575,1,0.5,0,True,0,8
RandomForest,0.885,4.419,1,0.5,0,True,0,16
RandomForest,0.89,4.201,1,0.5,0,True,0,32
RandomForest,0.883,3.992,1,0.5,0,True,0,64
RandomForest,0.888,2.499,1,0.25,0,True,0,1
RandomForest,0.886,2.258,1,0.25,0,True,0,2
RandomForest,0.873,2.75,1,0.25,0,True,0,4
RandomForest,0.874,3.484,1,0.25,0,True,0,8
RandomForest,0.868,3.922,1,0.25,0,True,0,16
RandomForest,0.882,3.905,1,0.25,0,True,0,32
RandomForest,0.882,3.749,1,0.25,0,True,0,64
RandomForest,0.891,2.033,1,0.125,0,True,0,1
RandomForest,0.875,2.256,1,0.125,0,True,0,2
RandomForest,0.874,3.436,1,0.125,0,True,0,4
RandomForest,0.878,3.377,1,0.125,0,True,0,8
RandomForest,0.871,3.632,1,0.125,0,True,0,16
RandomForest,0.877,3.489,1,0.125,0,True,0,32
RandomForest,0.872,2.688,1,0.125,0,True,0,64
RandomForest,0.88,1.499,1,0.062,0,True,0,1
RandomForest,0.877,2.373,1,0.062,0,True,0,2
RandomForest,0.886,3.263,1,0.062,0,True,0,4
RandomForest,0.891,3.391,1,0.062,0,True,0,8
RandomForest,0.859,3.692,1,0.062,0,True,0,16
RandomForest,0.887,3.23,1,0.062,0,True,0,32
RandomForest,0.888,3.679,1,0.062,0,True,0,64
RandomForest,0.893,1.313,1,0.031,0,True,0,1
RandomForest,0.884,2.291,1,0.031,0,True,0,2
RandomForest,0.897,2.903,1,0.031,0,True,0,4
RandomForest,0.901,3.145,1,0.031,0,True,0,8
RandomForest,0.871,3.336,1,0.031,0,True,0,16
RandomForest,0.882,3.33,1,0.031,0,True,0,32
RandomForest,0.878,2.734,1,0.031,0,True,0,64
RandomForest,0.881,1.188,1,0.016,0,True,0,1
RandomForest,0.899,2.499,1,0.016,0,True,0,2
RandomForest,0.882,3.147,1,0.016,0,True,0,4
RandomForest,0.898,3.369,1,0.016,0,True,0,8
RandomForest,0.911,3.279,1,0.016,0,True,0,16
RandomForest,0.903,3.16,1,0.016,0,True,0,32
RandomForest,0.885,2.749,1,0.016,0,True,0,64
RandomForest,0.858,5.908,2,1.0,0,True,0,1
RandomForest,0.896,3.855,2,1.0,0,True,0,2
RandomForest,0.88,2.688,2,1.0,0,True,0,4
RandomForest,0.883,3.67,2,1.0,0,True,0,8
RandomForest,0.894,4.885,2,1.0,0,True,0,16
RandomForest,0.874,4.621,2,1.0,0,True,0,32
RandomForest,0.87,4.082,2,1.0,0,True,0,64
RandomForest,0.874,3.799,2,0.5,0,True,0,1
RandomForest,0.859,2.788,2,0.5,0,True,0,2
RandomForest,0.877,2.691,2,0.5,0,True,0,4
RandomForest,0.864,3.94,2,0.5,0,True,0,8
RandomForest,0.872,4.253,2,0.5,0,True,0,16
RandomForest,0.878,4.146,2,0.5,0,True,0,32
RandomForest,0.876,2.928,2,0.5,0,True,0,64
RandomForest,0.897,2.54,2,0.25,0,True,0,1
RandomForest,0.882,2.329,2,0.25,0,True,0,2
RandomForest,0.883,3.273,2,0.25,0,True,0,4
RandomForest,0.899,3.205,2,0.25,0,True,0,8
RandomForest,0.883,3.766,2,0.25,0,True,0,16
RandomForest,0.879,3.587,2,0.25,0,True,0,32
RandomForest,0.878,2.654,2,0.25,0,True,0,64
RandomForest,0.905,1.942,2,0.125,0,True,0,1
RandomForest,0.884,2.222,2,0.125,0,True,0,2
RandomForest,0.887,2.954,2,0.125,0,True,0,4
RandomForest,0.873,3.514,2,0.125,0,True,0,8
RandomForest,0.887,3.44,2,0.125,0,True,0,16
RandomForest,0.899,3.514,2,0.125,0,True,0,32
RandomForest,0.892,2.919,2,0.125,0,True,0,64
RandomForest,0.878,1.53,2,0.062,0,True,0,1
RandomForest,0.883,2.451,2,0.062,0,True,0,2
RandomForest,0.845,2.892,2,0.062,0,True,0,4
RandomForest,0.864,3.009,2,0.062,0,True,0,8
RandomForest,0.89,3.753,2,0.062,0,True,0,16
RandomForest,0.887,3.22,2,0.062,0,True,0,32
RandomForest,0.836,2.238,2,0.062,0,True,0,64
RandomForest,0.826,1.276,2,0.031,0,True,0,1
RandomForest,0.831,2.437,2,0.031,0,True,0,2
RandomForest,0.89,2.433,2,0.031,0,True,0,4
RandomForest,0.824,3.31,2,0.031,0,True,0,8
RandomForest,0.895,3.331,2,0.031,0,True,0,16
RandomForest,0.893,3.199,2,0.031,0,True,0,32
RandomForest,0.893,3.172,2,0.031,0,True,0,64
RandomForest,0.906,1.158,2,0.016,0,True,0,1
RandomForest,0.9,2.905,2,0.016,0,True,0,2
RandomForest,0.877,3.11,2,0.016,0,True,0,4
RandomForest,0.895,3.159,2,0.016,0,True,0,8
RandomForest,0.892,3.319,2,0.016,0,True,0,16
RandomForest,0.872,2.819,2,0.016,0,True,0,32
RandomForest,0.878,2.483,2,0.016,0,True,0,64
RandomForest,0.881,5.842,3,1.0,0,True,0,1
RandomForest,0.89,3.746,3,1.0,0,True,0,2
RandomForest,0.902,2.724,3,1.0,0,True,0,4
RandomForest,0.891,3.688,3,1.0,0,True,0,8
RandomForest,0.887,4.627,3,1.0,0,True,0,16
RandomForest,0.87,4.649,3,1.0,0,True,0,32
RandomForest,0.882,4.401,3,1.0,0,True,0,64
RandomForest,0.891,3.822,3,0.5,0,True,0,1
RandomForest,0.891,2.687,3,0.5,0,True,0,2
RandomForest,0.901,2.682,3,0.5,0,True,0,4
RandomForest,0.889,3.738,3,0.5,0,True,0,8
RandomForest,0.893,4.208,3,0.5,0,True,0,16
RandomForest,0.878,4.156,3,0.5,0,True,0,32
RandomForest,0.885,3.072,3,0.5,0,True,0,64
RandomForest,0.865,2.488,3,0.25,0,True,0,1
RandomForest,0.887,2.553,3,0.25,0,True,0,2
RandomForest,0.891,2.715,3,0.25,0,True,0,4
RandomForest,0.895,3.415,3,0.25,0,True,0,8
RandomForest,0.891,4.227,3,0.25,0,True,0,16
RandomForest,0.876,3.808,3,0.25,0,True,0,32
RandomForest,0.891,2.839,3,0.25,0,True,0,64
RandomForest,0.875,1.924,3,0.125,0,True,0,1
RandomForest,0.88,2.143,3,0.125,0,True,0,2
RandomForest,0.9,3.572,3,0.125,0,True,0,4
RandomForest,0.901,3.403,3,0.125,0,True,0,8
RandomForest,0.902,3.299,3,0.125,0,True,0,16
RandomForest,0.875,3.879,3,0.125,0,True,0,32
RandomForest,0.899,2.658,3,0.125,0,True,0,64
RandomForest,0.848,1.59,3,0.062,0,True,0,1
RandomForest,0.895,2.017,3,0.062,0,True,0,2
RandomForest,0.854,2.553,3,0.062,0,True,0,4
RandomForest,0.891,2.994,3,0.062,0,True,0,8
RandomForest,0.889,3.526,3,0.062,0,True,0,16
RandomForest,0.9,3.47,3,0.062,0,True,0,32
RandomForest,0.877,2.38,3,0.062,0,True,0,64
RandomForest,0.845,1.329,3,0.031,0,True,0,1
RandomForest,0.874,2.44,3,0.031,0,True,0,2
RandomForest,0.882,2.713,3,0.031,0,True,0,4
RandomForest,0.892,3.198,3,0.031,0,True,0,8
RandomForest,0.887,3.097,3,0.031,0,True,0,16
RandomForest,0.893,3.137,3,0.031,0,True,0,32
RandomForest,0.886,3.009,3,0.031,0,True,0,64
RandomForest,0.898,1.204,3,0.016,0,True,0,1
RandomForest,0.878,2.891,3,0.016,0,True,0,2
RandomForest,0.9,2.926,3,0.016,0,True,0,4
RandomForest,0.87,3.284,3,0.016,0,True,0,8
RandomForest,0.896,3.219,3,0.016,0,True,0,16
RandomForest,0.839,2.907,3,0.016,0,True,0,32
RandomForest,0.876,2.133,3,0.016,0,True,0,64
RandomForest,0.891,6.092,4,1.0,0,True,0,1
RandomForest,0.871,3.762,4,1.0,0,True,0,2
RandomForest,0.863,2.651,4,1.0,0,True,0,4
RandomForest,0.878,3.759,4,1.0,0,True,0,8
RandomForest,0.874,4.877,4,1.0,0,True,0,16
RandomForest,0.884,4.805,4,1.0,0,True,0,32
RandomForest,0.863,4.877,4,1.0,0,True,0,64
RandomForest,0.88,3.835,4,0.5,0,True,0,1
RandomForest,0.871,2.72,4,0.5,0,True,0,2
RandomForest,0.862,2.41,4,0.5,0,True,0,4
RandomForest,0.865,3.784,4,0.5,0,True,0,8
RandomForest,0.843,4.371,4,0.5,0,True,0,16
RandomForest,0.879,4.135,4,0.5,0,True,0,32
RandomForest,0.88,3.237,4,0.5,0,True,0,64
RandomForest,0.872,2.482,4,0.25,0,True,0,1
RandomForest,0.859,2.243,4,0.25,0,True,0,2
RandomForest,0.89,3.166,4,0.25,0,True,0,4
RandomForest,0.873,3.648,4,0.25,0,True,0,8
RandomForest,0.879,3.841,4,0.25,0,True,0,16
RandomForest,0.856,3.594,4,0.25,0,True,0,32
RandomForest,0.885,2.679,4,0.25,0,True,0,64
RandomForest,0.878,1.905,4,0.125,0,True,0,1
RandomForest,0.878,2.112,4,0.125,0,True,0,2
RandomForest,0.881,2.47,4,0.125,0,True,0,4
RandomForest,0.876,3.289,4,0.125,0,True,0,8
RandomForest,0.871,3.452,4,0.125,0,True,0,16
RandomForest,0.88,3.572,4,0.125,0,True,0,32
RandomForest,0.827,2.895,4,0.125,0,True,0,64
RandomForest,0.859,1.586,4,0.062,0,True,0,1
RandomForest,0.879,2.338,4,0.062,0,True,0,2
RandomForest,0.869,2.78,4,0.062,0,True,0,4
RandomForest,0.887,3.084,4,0.062,0,True,0,8
RandomForest,0.844,3.613,4,0.062,0,True,0,16
RandomForest,0.851,3.696,4,0.062,0,True,0,32
RandomForest,0.88,2.824,4,0.062,0,True,0,64
RandomForest,0.871,1.292,4,0.031,0,True,0,1
RandomForest,0.88,2.349,4,0.031,0,True,0,2
RandomForest,0.87,3.099,4,0.031,0,True,0,4
RandomForest,0.889,3.253,4,0.031,0,True,0,8
RandomForest,0.88,3.333,4,0.031,0,True,0,16
RandomForest,0.882,3.415,4,0.031,0,True,0,32
RandomForest,0.876,2.548,4,0.031,0,True,0,64
RandomForest,0.88,1.2,4,0.016,0,True,0,1
RandomForest,0.843,2.35,4,0.016,0,True,0,2
RandomForest,0.835,3.306,4,0.016,0,True,0,4
RandomForest,0.88,3.605,4,0.016,0,True,0,8
RandomForest,0.886,3.175,4,0.016,0,True,0,16
RandomForest,0.889,3.088,4,0.016,0,True,0,32
RandomForest,0.869,3.11,4,0.016,0,True,0,64
RandomForest,0.883,5.855,5,1.0,0,True,0,1
RandomForest,0.886,3.716,5,1.0,0,True,0,2
RandomForest,0.877,2.574,5,1.0,0,True,0,4
RandomForest,0.881,3.671,5,1.0,0,True,0,8
RandomForest,0.886,4.892,5,1.0,0,True,0,16
RandomForest,0.868,4.638,5,1.0,0,True,0,32
RandomForest,0.876,3.645,5,1.0,0,True,0,64
RandomForest,0.883,3.598,5,0.5,0,True,0,1
RandomForest,0.871,2.609,5,0.5,0,True,0,2
RandomForest,0.89,2.431,5,0.5,0,True,0,4
RandomForest,0.88,3.804,5,0.5,0,True,0,8
RandomForest,0.876,4.369,5,0.5,0,True,0,16
RandomForest,0.888,3.97,5,0.5,0,True,0,32
RandomForest,0.881,3.577,5,0.5,0,True,0,64
RandomForest,0.879,2.43,5,0.25,0,True,0,1
RandomForest,0.871,2.149,5,0.25,0,True,0,2
RandomForest,0.896,3.189,5,0.25,0,True,0,4
RandomForest,0.893,3.511,5,0.25,0,True,0,8
RandomForest,0.888,3.526,5,0.25,0,True,0,16
RandomForest,0.899,3.783,5,0.25,0,True,0,32
RandomForest,0.872,2.461,5,0.25,0,True,0,64
RandomForest,0.897,1.908,5,0.125,0,True,0,1
RandomForest,0.894,2.008,5,0.125,0,True,0,2
RandomForest,0.881,2.91,5,0.125,0,True,0,4
RandomForest,0.883,3.523,5,0.125,0,True,0,8
RandomForest,0.888,3.489,5,0.125,0,True,0,16
RandomForest,0.893,3.499,5,0.125,0,True,0,32
RandomForest,0.896,2.726,5,0.125,0,True,0,64
RandomForest,0.895,1.54,5,0.062,0,True,0,1
RandomForest,0.886,2.085,5,0.062,0,True,0,2
RandomForest,0.891,3.139,5,0.062,0,True,0,4
RandomForest,0.873,3.372,5,0.062,0,True,0,8
RandomForest,0.867,3.306,5,0.062,0,True,0,16
RandomForest,0.888,3.464,5,0.062,0,True,0,32
RandomForest,0.898,2.534,5,0.062,0,True,0,64
RandomForest,0.908,1.336,5,0.031,0,True,0,1
RandomForest,0.888,2.323,5,0.031,0,True,0,2
RandomForest,0.826,2.502,5,0.031,0,True,0,4
RandomForest,0.814,3.507,5,0.031,0,True,0,8
RandomForest,0.875,3.127,5,0.031,0,True,0,16
RandomForest,0.89,3.272,5,0.031,0,True,0,32
RandomForest,0.907,2.599,5,0.031,0,True,0,64
RandomForest,0.889,1.223,5,0.016,0,True,0,1
RandomForest,0.902,2.592,5,0.016,0,True,0,2
RandomForest,0.905,3.133,5,0.016,0,True,0,4
RandomForest,0.903,3.437,5,0.016,0,True,0,8
RandomForest,0.901,3.265,5,0.016,0,True,0,16
RandomForest,0.869,3.064,5,0.016,0,True,0,32
RandomForest,0.892,2.958,5,0.016,0,True,0,64
RandomForest,0.876,6.208,6,1.0,0,True,0,1
RandomForest,0.887,3.778,6,1.0,0,True,0,2
RandomForest,0.903,2.984,6,1.0,0,True,0,4
RandomForest,0.879,3.216,6,1.0,0,True,0,8
RandomForest,0.894,4.957,6,1.0,0,True,0,16
RandomForest,0.886,4.706,6,1.0,0,True,0,32
RandomForest,0.904,4.054,6,1.0,0,True,0,64
RandomForest,0.863,3.611,6,0.5,0,True,0,1
RandomForest,0.881,2.861,6,0.5,0,True,0,2
RandomForest,0.894,2.139,6,0.5,0,True,0,4
RandomForest,0.886,3.604,6,0.5,0,True,0,8
RandomForest,0.872,4.157,6,0.5,0,True,0,16
RandomForest,0.873,4.331,6,0.5,0,True,0,32
RandomForest,0.863,3.165,6,0.5,0,True,0,64
RandomForest,0.893,2.443,6,0.25,0,True,0,1
RandomForest,0.905,2.117,6,0.25,0,True,0,2
RandomForest,0.907,3.195,6,0.25,0,True,0,4
RandomForest,0.894,3.465,6,0.25,0,True,0,8
RandomForest,0.905,3.555,6,0.25,0,True,0,16
RandomForest,0.9,3.697,6,0.25,0,True,0,32
RandomForest,0.882,2.7,6,0.25,0,True,0,64
RandomForest,0.89,1.914,6,0.125,0,True,0,1
RandomForest,0.869,1.853,6,0.125,0,True,0,2
RandomForest,0.883,2.438,6,0.125,0,True,0,4
RandomForest,0.892,3.645,6,0.125,0,True,0,8
RandomForest,0.893,3.641,6,0.125,0,True,0,16
RandomForest,0.87,3.656,6,0.125,0,True,0,32
RandomForest,0.891,2.709,6,0.125,0,True,0,64
RandomForest,0.904,1.566,6,0.062,0,True,0,1
RandomForest,0.899,2.343,6,0.062,0,True,0,2
RandomForest,0.888,2.448,6,0.062,0,True,0,4
RandomForest,0.889,3.187,6,0.062,0,True,0,8
RandomForest,0.896,3.496,6,0.062,0,True,0,16
RandomForest,0.881,3.462,6,0.062,0,True,0,32
RandomForest,0.899,2.751,6,0.062,0,True,0,64
RandomForest,0.884,1.373,6,0.031,0,True,0,1
RandomForest,0.906,1.948,6,0.031,0,True,0,2
RandomForest,0.881,2.664,6,0.031,0,True,0,4
RandomForest,0.91,3.451,6,0.031,0,True,0,8
RandomForest,0.909,3.51,6,0.031,0,True,0,16
RandomForest,0.906,3.323,6,0.031,0,True,0,32
RandomForest,0.888,3.131,6,0.031,0,True,0,64
RandomForest,0.889,1.2,6,0.016,0,True,0,1
RandomForest,0.88,2.989,6,0.016,0,True,0,2
RandomForest,0.891,3.089,6,0.016,0,True,0,4
RandomForest,0.912,3.456,6,0.016,0,True,0,8
RandomForest,0.903,3.21,6,0.016,0,True,0,16
RandomForest,0.91,2.996,6,0.016,0,True,0,32
RandomForest,0.869,2.239,6,0.016,0,True,0,64
RandomForest,0.891,6.443,7,1.0,0,True,0,1
RandomForest,0.886,3.961,7,1.0,0,True,0,2
RandomForest,0.884,2.67,7,1.0,0,True,0,4
RandomForest,0.898,3.314,7,1.0,0,True,0,8
RandomForest,0.872,4.804,7,1.0,0,True,0,16
RandomForest,0.886,4.592,7,1.0,0,True,0,32
RandomForest,0.883,4.027,7,1.0,0,True,0,64
RandomForest,0.884,3.714,7,0.5,0,True,0,1
RandomForest,0.872,2.68,7,0.5,0,True,0,2
RandomForest,0.887,2.434,7,0.5,0,True,0,4
RandomForest,0.868,3.657,7,0.5,0,True,0,8
RandomForest,0.865,4.381,7,0.5,0,True,0,16
RandomForest,0.878,4.064,7,0.5,0,True,0,32
RandomForest,0.896,3.635,7,0.5,0,True,0,64
RandomForest,0.874,2.521,7,0.25,0,True,0,1
RandomForest,0.887,2.235,7,0.25,0,True,0,2
RandomForest,0.894,3.026,7,0.25,0,True,0,4
RandomForest,0.889,4.081,7,0.25,0,True,0,8
RandomForest,0.904,3.514,7,0.25,0,True,0,16
RandomForest,0.894,3.827,7,0.25,0,True,0,32
RandomForest,0.891,2.771,7,0.25,0,True,0,64
RandomForest,0.891,1.969,7,0.125,0,True,0,1
RandomForest,0.898,2.149,7,0.125,0,True,0,2
RandomForest,0.884,2.849,7,0.125,0,True,0,4
RandomForest,0.85,3.637,7,0.125,0,True,0,8
RandomForest,0.871,3.597,7,0.125,0,True,0,16
RandomForest,0.835,3.681,7,0.125,0,True,0,32
RandomForest,0.887,2.516,7,0.125,0,True,0,64
RandomForest,0.892,1.602,7,0.062,0,True,0,1
RandomForest,0.882,2.595,7,0.062,0,True,0,2
RandomForest,0.888,2.634,7,0.062,0,True,0,4
RandomForest,0.867,3.121,7,0.062,0,True,0,8
RandomForest,0.899,3.673,7,0.062,0,True,0,16
RandomForest,0.872,3.153,7,0.062,0,True,0,32
RandomForest,0.777,2.503,7,0.062,0,True,0,64
RandomForest,0.892,1.339,7,0.031,0,True,0,1
RandomForest,0.89,2.805,7,0.031,0,True,0,2
RandomForest,0.888,3.046,7,0.031,0,True,0,4
RandomForest,0.888,3.17,7,0.031,0,True,0,8
RandomForest,0.902,3.466,7,0.031,0,True,0,16
RandomForest,0.889,3.762,7,0.031,0,True,0,32
RandomForest,0.881,2.397,7,0.031,0,True,0,64
RandomForest,0.898,1.267,7,0.016,0,True,0,1
RandomForest,0.905,2.867,7,0.016,0,True,0,2
RandomForest,0.893,3.084,7,0.016,0,True,0,4
RandomForest,0.908,3.431,7,0.016,0,True,0,8
RandomForest,0.883,3.255,7,0.016,0,True,0,16
RandomForest,0.896,2.659,7,0.016,0,True,0,32
RandomForest,0.896,1.968,7,0.016,0,True,0,64
RandomForest,0.888,5.941,8,1.0,0,True,0,1
RandomForest,0.879,3.743,8,1.0,0,True,0,2
RandomForest,0.879,2.52,8,1.0,0,True,0,4
RandomForest,0.893,3.467,8,1.0,0,True,0,8
RandomForest,0.892,4.723,8,1.0,0,True,0,16
RandomForest,0.889,4.903,8,1.0,0,True,0,32
RandomForest,0.868,4.159,8,1.0,0,True,0,64
RandomForest,0.886,3.663,8,0.5,0,True,0,1
RandomForest,0.893,2.838,8,0.5,0,True,0,2
RandomForest,0.877,2.402,8,0.5,0,True,0,4
RandomForest,0.872,3.65,8,0.5,0,True,0,8
RandomForest,0.877,4.576,8,0.5,0,True,0,16
RandomForest,0.88,3.975,8,0.5,0,True,0,32
RandomForest,0.869,3.978,8,0.5,0,True,0,64
RandomForest,0.887,2.494,8,0.25,0,True,0,1
RandomForest,0.874,2.287,8,0.25,0,True,0,2
RandomForest,0.894,2.156,8,0.25,0,True,0,4
RandomForest,0.895,3.429,8,0.25,0,True,0,8
RandomForest,0.896,3.81,8,0.25,0,True,0,16
RandomForest,0.872,3.873,8,0.25,0,True,0,32
RandomForest,0.897,2.849,8,0.25,0,True,0,64
RandomForest,0.882,1.919,8,0.125,0,True,0,1
RandomForest,0.869,2.143,8,0.125,0,True,0,2
RandomForest,0.879,2.488,8,0.125,0,True,0,4
RandomForest,0.852,2.869,8,0.125,0,True,0,8
RandomForest,0.897,3.725,8,0.125,0,True,0,16
RandomForest,0.886,3.201,8,0.125,0,True,0,32
RandomForest,0.89,2.443,8,0.125,0,True,0,64
RandomForest,0.839,1.532,8,0.062,0,True,0,1
RandomForest,0.883,1.831,8,0.062,0,True,0,2
RandomForest,0.896,2.755,8,0.062,0,True,0,4
RandomForest,0.892,3.649,8,0.062,0,True,0,8
RandomForest,0.896,3.093,8,0.062,0,True,0,16
RandomForest,0.888,3.419,8,0.062,0,True,0,32
RandomForest,0.845,3.258,8,0.062,0,True,0,64
RandomForest,0.903,1.333,8,0.031,0,True,0,1
RandomForest,0.852,2.644,8,0.031,0,True,0,2
RandomForest,0.873,2.947,8,0.031,0,True,0,4
RandomForest,0.864,3.201,8,0.031,0,True,0,8
RandomForest,0.898,3.361,8,0.031,0,True,0,16
RandomForest,0.884,3.533,8,0.031,0,True,0,32
RandomForest,0.903,2.943,8,0.031,0,True,0,64
RandomForest,0.902,1.18,8,0.016,0,True,0,1
RandomForest,0.906,2.959,8,0.016,0,True,0,2
RandomForest,0.894,2.88,8,0.016,0,True,0,4
RandomForest,0.903,3.239,8,0.016,0,True,0,8
RandomForest,0.893,3.395,8,0.016,0,True,0,16
RandomForest,0.876,3.089,8,0.016,0,True,0,32
RandomForest,0.872,2.335,8,0.016,0,True,0,64
RandomForest,0.868,6.136,9,1.0,0,True,0,1
RandomForest,0.862,3.746,9,1.0,0,True,0,2
RandomForest,0.847,2.558,9,1.0,0,True,0,4
RandomForest,0.859,3.514,9,1.0,0,True,0,8
RandomForest,0.888,4.78,9,1.0,0,True,0,16
RandomForest,0.881,4.771,9,1.0,0,True,0,32
RandomForest,0.868,3.772,9,1.0,0,True,0,64
RandomForest,0.88,3.987,9,0.5,0,True,0,1
RandomForest,0.853,2.728,9,0.5,0,True,0,2
RandomForest,0.852,2.637,9,0.5,0,True,0,4
RandomForest,0.857,3.408,9,0.5,0,True,0,8
RandomForest,0.811,4.432,9,0.5,0,True,0,16
RandomForest,0.881,4.166,9,0.5,0,True,0,32
RandomForest,0.866,4.203,9,0.5,0,True,0,64
RandomForest,0.893,2.503,9,0.25,0,True,0,1
RandomForest,0.888,2.262,9,0.25,0,True,0,2
RandomForest,0.847,3.233,9,0.25,0,True,0,4
RandomForest,0.87,3.196,9,0.25,0,True,0,8
RandomForest,0.902,3.698,9,0.25,0,True,0,16
RandomForest,0.889,3.497,9,0.25,0,True,0,32
RandomForest,0.867,2.803,9,0.25,0,True,0,64
RandomForest,0.895,1.892,9,0.125,0,True,0,1
RandomForest,0.9,2.27,9,0.125,0,True,0,2
RandomForest,0.886,2.644,9,0.125,0,True,0,4
RandomForest,0.893,3.296,9,0.125,0,True,0,8
RandomForest,0.897,3.824,9,0.125,0,True,0,16
RandomForest,0.888,3.584,9,0.125,0,True,0,32
RandomForest,0.881,2.606,9,0.125,0,True,0,64
RandomForest,0.901,1.561,9,0.062,0,True,0,1
RandomForest,0.884,3.086,9,0.062,0,True,0,2
RandomForest,0.881,3.056,9,0.062,0,True,0,4
RandomForest,0.875,3.661,9,0.062,0,True,0,8
RandomForest,0.896,3.646,9,0.062,0,True,0,16
RandomForest,0.897,3.612,9,0.062,0,True,0,32
RandomForest,0.892,2.946,9,0.062,0,True,0,64
RandomForest,0.888,1.218,9,0.031,0,True,0,1
RandomForest,0.885,2.313,9,0.031,0,True,0,2
RandomForest,0.898,3.082,9,0.031,0,True,0,4
RandomForest,0.893,3.033,9,0.031,0,True,0,8
RandomForest,0.896,3.367,9,0.031,0,True,0,16
RandomForest,0.906,3.488,9,0.031,0,True,0,32
RandomForest,0.902,2.686,9,0.031,0,True,0,64
RandomForest,0.892,1.196,9,0.016,0,True,0,1
RandomForest,0.884,2.596,9,0.016,0,True,0,2
RandomForest,0.905,3.016,9,0.016,0,True,0,4
RandomForest,0.906,3.275,9,0.016,0,True,0,8
RandomForest,0.908,3.194,9,0.016,0,True,0,16
RandomForest,0.903,2.907,9,0.016,0,True,0,32
RandomForest,0.898,2.696,9,0.016,0,True,0,64
RandomForest,0.883,5.957,10,1.0,0,True,0,1
RandomForest,0.89,3.693,10,1.0,0,True,0,2
RandomForest,0.896,2.643,10,1.0,0,True,0,4
RandomForest,0.891,4.171,10,1.0,0,True,0,8
RandomForest,0.894,4.864,10,1.0,0,True,0,16
RandomForest,0.865,4.637,10,1.0,0,True,0,32
RandomForest,0.878,3.698,10,1.0,0,True,0,64
RandomForest,0.83,3.595,10,0.5,0,True,0,1
RandomForest,0.877,2.725,10,0.5,0,True,0,2
RandomForest,0.887,2.848,10,0.5,0,True,0,4
RandomForest,0.899,3.872,10,0.5,0,True,0,8
RandomForest,0.891,4.205,10,0.5,0,True,0,16
RandomForest,0.89,4.218,10,0.5,0,True,0,32
RandomForest,0.832,3.09,10,0.5,0,True,0,64
RandomForest,0.916,2.468,10,0.25,0,True,0,1
RandomForest,0.891,2.128,10,0.25,0,True,0,2
RandomForest,0.884,2.653,10,0.25,0,True,0,4
RandomForest,0.876,3.591,10,0.25,0,True,0,8
RandomForest,0.891,3.829,10,0.25,0,True,0,16
RandomForest,0.895,3.989,10,0.25,0,True,0,32
RandomForest,0.9,2.875,10,0.25,0,True,0,64
RandomForest,0.896,1.95,10,0.125,0,True,0,1
RandomForest,0.874,2.086,10,0.125,0,True,0,2
RandomForest,0.881,3.018,10,0.125,0,True,0,4
RandomForest,0.884,3.409,10,0.125,0,True,0,8
RandomForest,0.901,3.635,10,0.125,0,True,0,16
RandomForest,0.861,3.544,10,0.125,0,True,0,32
RandomForest,0.905,2.6,10,0.125,0,True,0,64
RandomForest,0.897,1.59,10,0.062,0,True,0,1
RandomForest,0.886,2.423,10,0.062,0,True,0,2
RandomForest,0.91,3.193,10,0.062,0,True,0,4
RandomForest,0.896,3.17,10,0.062,0,True,0,8
RandomForest,0.88,3.58,10,0.062,0,True,0,16
RandomForest,0.9,3.405,10,0.062,0,True,0,32
RandomForest,0.871,2.46,10,0.062,0,True,0,64
RandomForest,0.898,1.341,10,0.031,0,True,0,1
RandomForest,0.91,2.356,10,0.031,0,True,0,2
RandomForest,0.901,3.354,10,0.031,0,True,0,4
RandomForest,0.866,3.335,10,0.031,0,True,0,8
RandomForest,0.897,3.331,10,0.031,0,True,0,16
RandomForest,0.866,3.264,10,0.031,0,True,0,32
RandomForest,0.875,3.026,10,0.031,0,True,0,64
RandomForest,0.911,1.193,10,0.016,0,True,0,1
RandomForest,0.903,3.116,10,0.016,0,True,0,2
RandomForest,0.909,2.812,10,0.016,0,True,0,4
RandomForest,0.911,3.32,10,0.016,0,True,0,8
RandomForest,0.907,3.411,10,0.016,0,True,0,16
RandomForest,0.901,2.848,10,0.016,0,True,0,32
RandomForest,0.896,2.375,10,0.016,0,True,0,64
RandomForest,0.858,6.113,11,1.0,0,True,0,1
RandomForest,0.885,3.58,11,1.0,0,True,0,2
RandomForest,0.877,2.605,11,1.0,0,True,0,4
RandomForest,0.867,3.744,11,1.0,0,True,0,8
RandomForest,0.882,4.674,11,1.0,0,True,0,16
RandomForest,0.879,4.711,11,1.0,0,True,0,32
RandomForest,0.871,4.355,11,1.0,0,True,0,64
RandomForest,0.88,3.722,11,0.5,0,True,0,1
RandomForest,0.899,2.568,11,0.5,0,True,0,2
RandomForest,0.882,2.495,11,0.5,0,True,0,4
RandomForest,0.88,3.476,11,0.5,0,True,0,8
RandomForest,0.84,4.177,11,0.5,0,True,0,16
RandomForest,0.882,4.282,11,0.5,0,True,0,32
RandomForest,0.893,3.196,11,0.5,0,True,0,64
RandomForest,0.903,2.631,11,0.25,0,True,0,1
RandomForest,0.896,2.314,11,0.25,0,True,0,2
RandomForest,0.885,3.024,11,0.25,0,True,0,4
RandomForest,0.902,3.59,11,0.25,0,True,0,8
RandomForest,0.894,3.88,11,0.25,0,True,0,16
RandomForest,0.891,3.775,11,0.25,0,True,0,32
RandomForest,0.876,2.777,11,0.25,0,True,0,64
RandomForest,0.888,2.033,11,0.125,0,True,0,1
RandomForest,0.906,2.38,11,0.125,0,True,0,2
RandomForest,0.887,2.892,11,0.125,0,True,0,4
RandomForest,0.897,3.507,11,0.125,0,True,0,8
RandomForest,0.878,3.907,11,0.125,0,True,0,16
RandomForest,0.904,3.668,11,0.125,0,True,0,32
RandomForest,0.894,2.806,11,0.125,0,True,0,64
RandomForest,0.903,1.601,11,0.062,0,True,0,1
RandomForest,0.885,2.61,11,0.062,0,True,0,2
RandomForest,0.89,2.763,11,0.062,0,True,0,4
RandomForest,0.871,3.545,11,0.062,0,True,0,8
RandomForest,0.868,3.573,11,0.062,0,True,0,16
RandomForest,0.891,3.681,11,0.062,0,True,0,32
RandomForest,0.895,3.02,11,0.062,0,True,0,64
RandomForest,0.901,1.361,11,0.031,0,True,0,1
RandomForest,0.891,2.629,11,0.031,0,True,0,2
RandomForest,0.892,2.795,11,0.031,0,True,0,4
RandomForest,0.902,3.444,11,0.031,0,True,0,8
RandomForest,0.883,3.282,11,0.031,0,True,0,16
RandomForest,0.884,3.563,11,0.031,0,True,0,32
RandomForest,0.913,3.413,11,0.031,0,True,0,64
RandomForest,0.912,1.201,11,0.016,0,True,0,1
RandomForest,0.888,2.832,11,0.016,0,True,0,2
RandomForest,0.908,3.259,11,0.016,0,True,0,4
RandomForest,0.856,3.226,11,0.016,0,True,0,8
RandomForest,0.904,3.286,11,0.016,0,True,0,16
RandomForest,0.854,2.976,11,0.016,0,True,0,32
RandomForest,0.875,2.496,11,0.016,0,True,0,64
RandomForest,0.843,6.007,12,1.0,0,True,0,1
RandomForest,0.853,3.976,12,1.0,0,True,0,2
RandomForest,0.874,2.783,12,1.0,0,True,0,4
RandomForest,0.84,4.078,12,1.0,0,True,0,8
RandomForest,0.858,4.83,12,1.0,0,True,0,16
RandomForest,0.868,4.544,12,1.0,0,True,0,32
RandomForest,0.866,3.432,12,1.0,0,True,0,64
RandomForest,0.856,3.608,12,0.5,0,True,0,1
RandomForest,0.887,2.74,12,0.5,0,True,0,2
RandomForest,0.844,2.783,12,0.5,0,True,0,4
RandomForest,0.878,4.093,12,0.5,0,True,0,8
RandomForest,0.868,4.573,12,0.5,0,True,0,16
RandomForest,0.864,4.217,12,0.5,0,True,0,32
RandomForest,0.878,4.578,12,0.5,0,True,0,64
RandomForest,0.864,2.5,12,0.25,0,True,0,1
RandomForest,0.84,2.382,12,0.25,0,True,0,2
RandomForest,0.845,2.535,12,0.25,0,True,0,4
RandomForest,0.871,3.799,12,0.25,0,True,0,8
RandomForest,0.884,4.005,12,0.25,0,True,0,16
RandomForest,0.867,3.989,12,0.25,0,True,0,32
RandomForest,0.879,2.949,12,0.25,0,True,0,64
RandomForest,0.866,1.991,12,0.125,0,True,0,1
RandomForest,0.853,2.52,12,0.125,0,True,0,2
RandomForest,0.874,3.431,12,0.125,0,True,0,4
RandomForest,0.871,3.38,12,0.125,0,True,0,8
RandomForest,0.861,3.666,12,0.125,0,True,0,16
RandomForest,0.863,3.595,12,0.125,0,True,0,32
RandomForest,0.892,2.446,12,0.125,0,True,0,64
RandomForest,0.858,1.491,12,0.062,0,True,0,1
RandomForest,0.851,2.252,12,0.062,0,True,0,2
RandomForest,0.871,3.171,12,0.062,0,True,0,4
RandomForest,0.821,3.34,12,0.062,0,True,0,8
RandomForest,0.884,3.576,12,0.062,0,True,0,16
RandomForest,0.862,3.584,12,0.062,0,True,0,32
RandomForest,0.868,2.304,12,0.062,0,True,0,64
RandomForest,0.862,1.345,12,0.031,0,True,0,1
RandomForest,0.884,2.88,12,0.031,0,True,0,2
RandomForest,0.865,2.659,12,0.031,0,True,0,4
RandomForest,0.875,3.413,12,0.031,0,True,0,8
RandomForest,0.878,3.456,12,0.031,0,True,0,16
RandomForest,0.873,3.312,12,0.031,0,True,0,32
RandomForest,0.866,2.824,12,0.031,0,True,0,64
RandomForest,0.858,1.205,12,0.016,0,True,0,1
RandomForest,0.861,2.868,12,0.016,0,True,0,2
RandomForest,0.804,2.953,12,0.016,0,True,0,4
RandomForest,0.883,3.275,12,0.016,0,True,0,8
RandomForest,0.84,3.172,12,0.016,0,True,0,16
RandomForest,0.843,2.827,12,0.016,0,True,0,32
RandomForest,0.879,2.658,12,0.016,0,True,0,64
RandomForest,0.874,6.035,13,1.0,0,True,0,1
RandomForest,0.884,3.981,13,1.0,0,True,0,2
RandomForest,0.884,2.545,13,1.0,0,True,0,4
RandomForest,0.871,3.739,13,1.0,0,True,0,8
RandomForest,0.868,4.537,13,1.0,0,True,0,16
RandomForest,0.872,5.117,13,1.0,0,True,0,32
RandomForest,0.891,4.291,13,1.0,0,True,0,64
RandomForest,0.879,3.766,13,0.5,0,True,0,1
RandomForest,0.883,2.802,13,0.5,0,True,0,2
RandomForest,0.888,2.207,13,0.5,0,True,0,4
RandomForest,0.885,3.601,13,0.5,0,True,0,8
RandomForest,0.894,4.048,13,0.5,0,True,0,16
RandomForest,0.892,4.061,13,0.5,0,True,0,32
RandomForest,0.873,2.904,13,0.5,0,True,0,64
RandomForest,0.879,2.536,13,0.25,0,True,0,1
RandomForest,0.892,2.121,13,0.25,0,True,0,2
RandomForest,0.89,3.324,13,0.25,0,True,0,4
RandomForest,0.856,3.499,13,0.25,0,True,0,8
RandomForest,0.874,3.994,13,0.25,0,True,0,16
RandomForest,0.88,3.825,13,0.25,0,True,0,32
RandomForest,0.887,2.783,13,0.25,0,True,0,64
RandomForest,0.865,1.944,13,0.125,0,True,0,1
RandomForest,0.879,1.923,13,0.125,0,True,0,2
RandomForest,0.881,2.731,13,0.125,0,True,0,4
RandomForest,0.872,3.82,13,0.125,0,True,0,8
RandomForest,0.855,3.859,13,0.125,0,True,0,16
RandomForest,0.847,3.749,13,0.125,0,True,0,32
RandomForest,0.873,2.529,13,0.125,0,True,0,64
RandomForest,0.853,1.624,13,0.062,0,True,0,1
RandomForest,0.886,2.171,13,0.062,0,True,0,2
RandomForest,0.886,3.081,13,0.062,0,True,0,4
RandomForest,0.875,3.238,13,0.062,0,True,0,8
RandomForest,0.897,3.526,13,0.062,0,True,0,16
RandomForest,0.827,3.559,13,0.062,0,True,0,32
RandomForest,0.888,2.892,13,0.062,0,True,0,64
RandomForest,0.867,1.245,13,0.031,0,True,0,1
RandomForest,0.894,2.904,13,0.031,0,True,0,2
RandomForest,0.867,2.978,13,0.031,0,True,0,4
RandomForest,0.83,2.975,13,0.031,0,True,0,8
RandomForest,0.883,3.455,13,0.031,0,True,0,16
RandomForest,0.886,3.392,13,0.031,0,True,0,32
RandomForest,0.903,2.997,13,0.031,0,True,0,64
RandomForest,0.86,1.143,13,0.016,0,True,0,1
RandomForest,0.899,2.438,13,0.016,0,True,0,2
RandomForest,0.873,3.356,13,0.016,0,True,0,4
RandomForest,0.862,3.274,13,0.016,0,True,0,8
RandomForest,0.889,3.29,13,0.016,0,True,0,16
RandomForest,0.879,3.318,13,0.016,0,True,0,32
RandomForest,0.907,2.553,13,0.016,0,True,0,64
RandomForest,0.863,5.943,14,1.0,0,True,0,1
RandomForest,0.885,3.782,14,1.0,0,True,0,2
RandomForest,0.9,2.815,14,1.0,0,True,0,4
RandomForest,0.878,3.416,14,1.0,0,True,0,8
RandomForest,0.876,4.84,14,1.0,0,True,0,16
RandomForest,0.876,4.93,14,1.0,0,True,0,32
RandomForest,0.868,4.689,14,1.0,0,True,0,64
RandomForest,0.871,3.841,14,0.5,0,True,0,1
RandomForest,0.872,2.776,14,0.5,0,True,0,2
RandomForest,0.886,2.527,14,0.5,0,True,0,4
RandomForest,0.883,3.868,14,0.5,0,True,0,8
RandomForest,0.883,4.578,14,0.5,0,True,0,16
RandomForest,0.884,4.365,14,0.5,0,True,0,32
RandomForest,0.872,3.42,14,0.5,0,True,0,64
RandomForest,0.899,2.605,14,0.25,0,True,0,1
RandomForest,0.889,2.316,14,0.25,0,True,0,2
RandomForest,0.872,3.062,14,0.25,0,True,0,4
RandomForest,0.883,3.735,14,0.25,0,True,0,8
RandomForest,0.872,4.174,14,0.25,0,True,0,16
RandomForest,0.898,4.01,14,0.25,0,True,0,32
RandomForest,0.899,2.699,14,0.25,0,True,0,64
RandomForest,0.862,1.834,14,0.125,0,True,0,1
RandomForest,0.893,2.903,14,0.125,0,True,0,2
RandomForest,0.87,3.178,14,0.125,0,True,0,4
RandomForest,0.9,3.536,14,0.125,0,True,0,8
RandomForest,0.884,3.842,14,0.125,0,True,0,16
RandomForest,0.88,3.611,14,0.125,0,True,0,32
RandomForest,0.88,3.319,14,0.125,0,True,0,64
RandomForest,0.876,1.539,14,0.062,0,True,0,1
RandomForest,0.886,2.651,14,0.062,0,True,0,2
RandomForest,0.872,3.121,14,0.062,0,True,0,4
RandomForest,0.891,3.429,14,0.062,0,True,0,8
RandomForest,0.868,3.582,14,0.062,0,True,0,16
RandomForest,0.877,3.504,14,0.062,0,True,0,32
RandomForest,0.853,3.121,14,0.062,0,True,0,64
RandomForest,0.888,1.325,14,0.031,0,True,0,1
RandomForest,0.902,2.864,14,0.031,0,True,0,2
RandomForest,0.903,3.285,14,0.031,0,True,0,4
RandomForest,0.865,3.241,14,0.031,0,True,0,8
RandomForest,0.863,3.494,14,0.031,0,True,0,16
RandomForest,0.881,3.197,14,0.031,0,True,0,32
RandomForest,0.899,3.38,14,0.031,0,True,0,64
RandomForest,0.882,1.203,14,0.016,0,True,0,1
RandomForest,0.857,2.937,14,0.016,0,True,0,2
RandomForest,0.833,3.18,14,0.016,0,True,0,4
RandomForest,0.599,3.431,14,0.016,0,True,0,8
RandomForest,0.898,3.209,14,0.016,0,True,0,16
RandomForest,0.874,3.152,14,0.016,0,True,0,32
RandomForest,0.89,2.047,14,0.016,0,True,0,64
RandomForest,0.871,5.978,15,1.0,0,True,0,1
RandomForest,0.882,3.815,15,1.0,0,True,0,2
RandomForest,0.873,2.713,15,1.0,0,True,0,4
RandomForest,0.882,3.725,15,1.0,0,True,0,8
RandomForest,0.862,4.712,15,1.0,0,True,0,16
RandomForest,0.873,4.415,15,1.0,0,True,0,32
RandomForest,0.847,4.874,15,1.0,0,True,0,64
RandomForest,0.881,3.852,15,0.5,0,True,0,1
RandomForest,0.859,2.762,15,0.5,0,True,0,2
RandomForest,0.865,2.733,15,0.5,0,True,0,4
RandomForest,0.877,3.632,15,0.5,0,True,0,8
RandomForest,0.863,4.455,15,0.5,0,True,0,16
RandomForest,0.89,4.207,15,0.5,0,True,0,32
RandomForest,0.88,3.168,15,0.5,0,True,0,64
RandomForest,0.876,2.441,15,0.25,0,True,0,1
RandomForest,0.853,2.246,15,0.25,0,True,0,2
RandomForest,0.872,3.277,15,0.25,0,True,0,4
RandomForest,0.88,3.351,15,0.25,0,True,0,8
RandomForest,0.87,3.872,15,0.25,0,True,0,16
RandomForest,0.868,4.134,15,0.25,0,True,0,32
RandomForest,0.89,2.502,15,0.25,0,True,0,64
RandomForest,0.894,1.832,15,0.125,0,True,0,1
RandomForest,0.881,2.918,15,0.125,0,True,0,2
RandomForest,0.888,3.002,15,0.125,0,True,0,4
RandomForest,0.899,3.195,15,0.125,0,True,0,8
RandomForest,0.879,3.875,15,0.125,0,True,0,16
RandomForest,0.878,3.739,15,0.125,0,True,0,32
RandomForest,0.874,2.432,15,0.125,0,True,0,64
RandomForest,0.875,1.643,15,0.062,0,True,0,1
RandomForest,0.881,1.954,15,0.062,0,True,0,2
RandomForest,0.892,2.959,15,0.062,0,True,0,4
RandomForest,0.858,3.533,15,0.062,0,True,0,8
RandomForest,0.888,3.607,15,0.062,0,True,0,16
RandomForest,0.881,3.774,15,0.062,0,True,0,32
RandomForest,0.869,2.792,15,0.062,0,True,0,64
RandomForest,0.872,1.251,15,0.031,0,True,0,1
RandomForest,0.881,2.29,15,0.031,0,True,0,2
RandomForest,0.892,3.265,15,0.031,0,True,0,4
RandomForest,0.889,3.398,15,0.031,0,True,0,8
RandomForest,0.891,3.492,15,0.031,0,True,0,16
RandomForest,0.885,3.615,15,0.031,0,True,0,32
RandomForest,0.899,3.014,15,0.031,0,True,0,64
RandomForest,0.878,1.151,15,0.016,0,True,0,1
RandomForest,0.838,2.492,15,0.016,0,True,0,2
RandomForest,0.823,2.97,15,0.016,0,True,0,4
RandomForest,0.856,3.449,15,0.016,0,True,0,8
RandomForest,0.856,3.151,15,0.016,0,True,0,16
RandomForest,0.867,2.883,15,0.016,0,True,0,32
RandomForest,0.811,2.298,15,0.016,0,True,0,64
RandomForest,0.889,5.904,16,1.0,0,True,0,1
RandomForest,0.895,3.813,16,1.0,0,True,0,2
RandomForest,0.904,2.697,16,1.0,0,True,0,4
RandomForest,0.904,3.247,16,1.0,0,True,0,8
RandomForest,0.906,4.849,16,1.0,0,True,0,16
RandomForest,0.874,4.757,16,1.0,0,True,0,32
RandomForest,0.896,4.636,16,1.0,0,True,0,64
RandomForest,0.845,3.48,16,0.5,0,True,0,1
RandomForest,0.898,2.658,16,0.5,0,True,0,2
RandomForest,0.887,2.83,16,0.5,0,True,0,4
RandomForest,0.907,3.805,16,0.5,0,True,0,8
RandomForest,0.888,4.169,16,0.5,0,True,0,16
RandomForest,0.903,4.247,16,0.5,0,True,0,32
RandomForest,0.902,3.635,16,0.5,0,True,0,64
RandomForest,0.871,2.407,16,0.25,0,True,0,1
RandomForest,0.9,2.165,16,0.25,0,True,0,2
RandomForest,0.884,3.221,16,0.25,0,True,0,4
RandomForest,0.904,3.545,16,0.25,0,True,0,8
RandomForest,0.891,3.959,16,0.25,0,True,0,16
RandomForest,0.906,3.761,16,0.25,0,True,0,32
RandomForest,0.888,2.681,16,0.25,0,True,0,64
RandomForest,0.895,1.822,16,0.125,0,True,0,1
RandomForest,0.895,2.203,16,0.125,0,True,0,2
RandomForest,0.908,3.413,16,0.125,0,True,0,4
RandomForest,0.903,3.359,16,0.125,0,True,0,8
RandomForest,0.902,3.515,16,0.125,0,True,0,16
RandomForest,0.903,3.748,16,0.125,0,True,0,32
RandomForest,0.899,2.546,16,0.125,0,True,0,64
RandomForest,0.902,1.501,16,0.062,0,True,0,1
RandomForest,0.903,2.232,16,0.062,0,True,0,2
RandomForest,0.914,2.365,16,0.062,0,True,0,4
RandomForest,0.88,3.43,16,0.062,0,True,0,8
RandomForest,0.905,3.363,16,0.062,0,True,0,16
RandomForest,0.866,3.431,16,0.062,0,True,0,32
RandomForest,0.914,2.473,16,0.062,0,True,0,64
RandomForest,0.869,1.245,16,0.031,0,True,0,1
RandomForest,0.913,3.044,16,0.031,0,True,0,2
RandomForest,0.869,3.523,16,0.031,0,True,0,4
RandomForest,0.85,3.349,16,0.031,0,True,0,8
RandomForest,0.848,3.569,16,0.031,0,True,0,16
RandomForest,0.895,3.451,16,0.031,0,True,0,32
RandomForest,0.87,2.643,16,0.031,0,True,0,64
RandomForest,0.895,1.144,16,0.016,0,True,0,1
RandomForest,0.903,2.589,16,0.016,0,True,0,2
RandomForest,0.914,3.051,16,0.016,0,True,0,4
RandomForest,0.876,3.181,16,0.016,0,True,0,8
RandomForest,0.906,3.317,16,0.016,0,True,0,16
RandomForest,0.92,3.251,16,0.016,0,True,0,32
RandomForest,0.848,2.525,16,0.016,0,True,0,64
RandomForest,0.87,5.789,17,1.0,0,True,0,1
RandomForest,0.895,3.477,17,1.0,0,True,0,2
RandomForest,0.886,2.491,17,1.0,0,True,0,4
RandomForest,0.872,3.956,17,1.0,0,True,0,8
RandomForest,0.879,4.713,17,1.0,0,True,0,16
RandomForest,0.885,4.753,17,1.0,0,True,0,32
RandomForest,0.896,4.126,17,1.0,0,True,0,64
RandomForest,0.857,3.309,17,0.5,0,True,0,1
RandomForest,0.879,2.458,17,0.5,0,True,0,2
RandomForest,0.888,2.775,17,0.5,0,True,0,4
RandomForest,0.89,3.591,17,0.5,0,True,0,8
RandomForest,0.887,4.249,17,0.5,0,True,0,16
RandomForest,0.857,3.9,17,0.5,0,True,0,32
RandomForest,0.883,3.077,17,0.5,0,True,0,64
RandomForest,0.891,2.382,17,0.25,0,True,0,1
RandomForest,0.884,2.479,17,0.25,0,True,0,2
RandomForest,0.886,2.756,17,0.25,0,True,0,4
RandomForest,0.881,3.454,17,0.25,0,True,0,8
RandomForest,0.878,3.77,17,0.25,0,True,0,16
RandomForest,0.885,3.74,17,0.25,0,True,0,32
RandomForest,0.882,2.64,17,0.25,0,True,0,64
RandomForest,0.884,1.869,17,0.125,0,True,0,1
RandomForest,0.875,2.159,17,0.125,0,True,0,2
RandomForest,0.865,2.253,17,0.125,0,True,0,4
RandomForest,0.899,3.463,17,0.125,0,True,0,8
RandomForest,0.882,3.45,17,0.125,0,True,0,16
RandomForest,0.896,3.431,17,0.125,0,True,0,32
RandomForest,0.868,2.641,17,0.125,0,True,0,64
RandomForest,0.862,1.508,17,0.062,0,True,0,1
RandomForest,0.869,2.985,17,0.062,0,True,0,2
RandomForest,0.863,2.792,17,0.062,0,True,0,4
RandomForest,0.883,2.902,17,0.062,0,True,0,8
RandomForest,0.868,3.58,17,0.062,0,True,0,16
RandomForest,0.877,3.901,17,0.062,0,True,0,32
RandomForest,0.886,2.613,17,0.062,0,True,0,64
RandomForest,0.881,1.243,17,0.031,0,True,0,1
RandomForest,0.855,2.969,17,0.031,0,True,0,2
RandomForest,0.873,2.908,17,0.031,0,True,0,4
RandomForest,0.888,3.097,17,0.031,0,True,0,8
RandomForest,0.891,3.461,17,0.031,0,True,0,16
RandomForest,0.881,3.274,17,0.031,0,True,0,32
RandomForest,0.892,2.995,17,0.031,0,True,0,64
RandomForest,0.878,1.152,17,0.016,0,True,0,1
RandomForest,0.873,2.38,17,0.016,0,True,0,2
RandomForest,0.867,3.458,17,0.016,0,True,0,4
RandomForest,0.881,3.108,17,0.016,0,True,0,8
RandomForest,0.893,3.258,17,0.016,0,True,0,16
RandomForest,0.761,3.044,17,0.016,0,True,0,32
RandomForest,0.88,3.04,17,0.016,0,True,0,64
RandomForest,0.897,5.804,18,1.0,0,True,0,1
RandomForest,0.897,3.619,18,1.0,0,True,0,2
RandomForest,0.877,2.492,18,1.0,0,True,0,4
RandomForest,0.816,4.016,18,1.0,0,True,0,8
RandomForest,0.888,4.722,18,1.0,0,True,0,16
RandomForest,0.878,4.797,18,1.0,0,True,0,32
RandomForest,0.873,3.991,18,1.0,0,True,0,64
RandomForest,0.875,3.541,18,0.5,0,True,0,1
RandomForest,0.865,2.665,18,0.5,0,True,0,2
RandomForest,0.888,2.522,18,0.5,0,True,0,4
RandomForest,0.871,3.68,18,0.5,0,True,0,8
RandomForest,0.89,4.303,18,0.5,0,True,0,16
RandomForest,0.895,4.343,18,0.5,0,True,0,32
RandomForest,0.857,3.195,18,0.5,0,True,0,64
RandomForest,0.884,2.361,18,0.25,0,True,0,1
RandomForest,0.899,2.335,18,0.25,0,True,0,2
RandomForest,0.885,2.893,18,0.25,0,True,0,4
RandomForest,0.885,2.948,18,0.25,0,True,0,8
RandomForest,0.892,3.798,18,0.25,0,True,0,16
RandomForest,0.903,3.948,18,0.25,0,True,0,32
RandomForest,0.886,2.748,18,0.25,0,True,0,64
RandomForest,0.87,2.181,18,0.125,0,True,0,1
RandomForest,0.881,2.476,18,0.125,0,True,0,2
RandomForest,0.879,2.693,18,0.125,0,True,0,4
RandomForest,0.898,2.677,18,0.125,0,True,0,8
RandomForest,0.89,3.494,18,0.125,0,True,0,16
RandomForest,0.873,3.596,18,0.125,0,True,0,32
RandomForest,0.907,2.748,18,0.125,0,True,0,64
RandomForest,0.881,1.44,18,0.062,0,True,0,1
RandomForest,0.883,1.957,18,0.062,0,True,0,2
RandomForest,0.89,2.949,18,0.062,0,True,0,4
RandomForest,0.885,3.458,18,0.062,0,True,0,8
RandomForest,0.903,3.298,18,0.062,0,True,0,16
RandomForest,0.905,3.371,18,0.062,0,True,0,32
RandomForest,0.899,2.852,18,0.062,0,True,0,64
RandomForest,0.89,1.46,18,0.031,0,True,0,1
RandomForest,0.889,1.83,18,0.031,0,True,0,2
RandomForest,0.859,2.545,18,0.031,0,True,0,4
RandomForest,0.87,3.125,18,0.031,0,True,0,8
RandomForest,0.898,3.309,18,0.031,0,True,0,16
RandomForest,0.885,3.539,18,0.031,0,True,0,32
RandomForest,0.879,2.525,18,0.031,0,True,0,64
RandomForest,0.876,1.145,18,0.016,0,True,0,1
RandomForest,0.887,2.902,18,0.016,0,True,0,2
RandomForest,0.904,3.101,18,0.016,0,True,0,4
RandomForest,0.901,3.284,18,0.016,0,True,0,8
RandomForest,0.9,3.054,18,0.016,0,True,0,16
RandomForest,0.903,3.057,18,0.016,0,True,0,32
RandomForest,0.884,3.144,18,0.016,0,True,0,64
RandomForest,0.891,5.722,19,1.0,0,True,0,1
RandomForest,0.877,3.453,19,1.0,0,True,0,2
RandomForest,0.885,2.503,19,1.0,0,True,0,4
RandomForest,0.866,3.339,19,1.0,0,True,0,8
RandomForest,0.863,4.977,19,1.0,0,True,0,16
RandomForest,0.858,4.756,19,1.0,0,True,0,32
RandomForest,0.892,3.489,19,1.0,0,True,0,64
RandomForest,0.887,3.499,19,0.5,0,True,0,1
RandomForest,0.875,2.526,19,0.5,0,True,0,2
RandomForest,0.886,2.349,19,0.5,0,True,0,4
RandomForest,0.885,3.879,19,0.5,0,True,0,8
RandomForest,0.886,3.856,19,0.5,0,True,0,16
RandomForest,0.896,4.542,19,0.5,0,True,0,32
RandomForest,0.877,2.849,19,0.5,0,True,0,64
RandomForest,0.884,2.343,19,0.25,0,True,0,1
RandomForest,0.886,2.026,19,0.25,0,True,0,2
RandomForest,0.883,3.48,19,0.25,0,True,0,4
RandomForest,0.886,3.277,19,0.25,0,True,0,8
RandomForest,0.894,3.967,19,0.25,0,True,0,16
RandomForest,0.845,3.959,19,0.25,0,True,0,32
RandomForest,0.899,3.966,19,0.25,0,True,0,64
RandomForest,0.902,1.704,19,0.125,0,True,0,1
RandomForest,0.888,2.501,19,0.125,0,True,0,2
RandomForest,0.871,2.391,19,0.125,0,True,0,4
RandomForest,0.887,2.752,19,0.125,0,True,0,8
RandomForest,0.886,3.771,19,0.125,0,True,0,16
RandomForest,0.874,3.529,19,0.125,0,True,0,32
RandomForest,0.883,2.312,19,0.125,0,True,0,64
RandomForest,0.878,1.457,19,0.062,0,True,0,1
RandomForest,0.884,2.305,19,0.062,0,True,0,2
RandomForest,0.896,2.296,19,0.062,0,True,0,4
RandomForest,0.883,3.468,19,0.062,0,True,0,8
RandomForest,0.894,3.164,19,0.062,0,True,0,16
RandomForest,0.898,3.538,19,0.062,0,True,0,32
RandomForest,0.895,3.091,19,0.062,0,True,0,64
RandomForest,0.887,1.212,19,0.031,0,True,0,1
RandomForest,0.872,3.096,19,0.031,0,True,0,2
RandomForest,0.888,2.851,19,0.031,0,True,0,4
RandomForest,0.898,3.026,19,0.031,0,True,0,8
RandomForest,0.891,3.496,19,0.031,0,True,0,16
RandomForest,0.895,3.5,19,0.031,0,True,0,32
RandomForest,0.895,2.728,19,0.031,0,True,0,64
RandomForest,0.866,1.118,19,0.016,0,True,0,1
RandomForest,0.898,1.917,19,0.016,0,True,0,2
RandomForest,0.818,2.934,19,0.016,0,True,0,4
RandomForest,0.88,3.459,19,0.016,0,True,0,8
RandomForest,0.871,3.371,19,0.016,0,True,0,16
RandomForest,0.892,3.139,19,0.016,0,True,0,32
RandomForest,0.898,2.973,19,0.016,0,True,0,64
RandomForest,0.87,5.817,20,1.0,0,True,0,1
RandomForest,0.878,3.502,20,1.0,0,True,0,2
RandomForest,0.886,2.427,20,1.0,0,True,0,4
RandomForest,0.86,3.951,20,1.0,0,True,0,8
RandomForest,0.883,4.705,20,1.0,0,True,0,16
RandomForest,0.885,5.245,20,1.0,0,True,0,32
RandomForest,0.863,5.199,20,1.0,0,True,0,64
RandomForest,0.865,3.587,20,0.5,0,True,0,1
RandomForest,0.887,2.477,20,0.5,0,True,0,2
RandomForest,0.899,2.561,20,0.5,0,True,0,4
RandomForest,0.855,4.108,20,0.5,0,True,0,8
RandomForest,0.851,4.296,20,0.5,0,True,0,16
RandomForest,0.881,4.452,20,0.5,0,True,0,32
RandomForest,0.859,3.971,20,0.5,0,True,0,64
RandomForest,0.89,2.404,20,0.25,0,True,0,1
RandomForest,0.869,2.32,20,0.25,0,True,0,2
RandomForest,0.857,2.238,20,0.25,0,True,0,4
RandomForest,0.88,3.678,20,0.25,0,True,0,8
RandomForest,0.865,4.036,20,0.25,0,True,0,16
RandomForest,0.878,4.051,20,0.25,0,True,0,32
RandomForest,0.879,2.634,20,0.25,0,True,0,64
RandomForest,0.887,1.882,20,0.125,0,True,0,1
RandomForest,0.872,1.859,20,0.125,0,True,0,2
RandomForest,0.885,2.35,20,0.125,0,True,0,4
RandomForest,0.896,3.624,20,0.125,0,True,0,8
RandomForest,0.887,3.347,20,0.125,0,True,0,16
RandomForest,0.899,3.51,20,0.125,0,True,0,32
RandomForest,0.86,2.77,20,0.125,0,True,0,64
RandomForest,0.898,1.467,20,0.062,0,True,0,1
RandomForest,0.894,2.76,20,0.062,0,True,0,2
RandomForest,0.876,2.871,20,0.062,0,True,0,4
RandomForest,0.871,3.199,20,0.062,0,True,0,8
RandomForest,0.888,3.572,20,0.062,0,True,0,16
RandomForest,0.862,3.599,20,0.062,0,True,0,32
RandomForest,0.877,2.282,20,0.062,0,True,0,64
RandomForest,0.892,1.251,20,0.031,0,True,0,1
RandomForest,0.9,1.855,20,0.031,0,True,0,2
RandomForest,0.896,2.849,20,0.031,0,True,0,4
RandomForest,0.897,3.41,20,0.031,0,True,0,8
RandomForest,0.895,3.49,20,0.031,0,True,0,16
RandomForest,0.891,3.511,20,0.031,0,True,0,32
RandomForest,0.873,2.716,20,0.031,0,True,0,64
RandomForest,0.898,1.132,20,0.016,0,True,0,1
RandomForest,0.901,3.249,20,0.016,0,True,0,2
RandomForest,0.889,3.259,20,0.016,0,True,0,4
RandomForest,0.874,3.265,20,0.016,0,True,0,8
RandomForest,0.889,3.309,20,0.016,0,True,0,16
RandomForest,0.894,3.009,20,0.016,0,True,0,32
RandomForest,0.893,2.903,20,0.016,0,True,0,64
